Type,SKU,Name,Published,Is featured?,Visibility in catalog,Short description,Description,Tax status,In stock?,Categories,Meta: _coremushroom_especie,Meta: _coremushroom_formato,Meta: _coremushroom_preparacion
simple,CM-COR-CAP-60,Cordyceps · Microdosis 60 cápsulas,-1,0,visible,"Extracto de Cordyceps militaris en cápsula vegetal. Presentación con 60 cápsulas.","Extracto de Cordyceps militaris en cápsula vegetal. Cada frasco incluye 60 cápsulas y un espacio de identificación para el lote correspondiente.",taxable,0,Microdosis,cordyceps,capsula,extracto
simple,CM-HER-CAP-30,Hericium · Microdosis 30 cápsulas,-1,0,visible,"Extracto de Hericium erinaceus en cápsula vegetal. Presentación con 30 cápsulas.","Extracto de Hericium erinaceus, conocido como melena de león, en cápsula vegetal. Cada frasco incluye 30 cápsulas y un espacio de identificación para el lote correspondiente.",taxable,0,Microdosis,hericium,capsula,extracto
simple,CM-TRA-CAP-30,Trametes · Microdosis 30 cápsulas,-1,0,visible,"Extracto de Trametes versicolor en cápsula vegetal. Presentación con 30 cápsulas.","Extracto de Trametes versicolor, conocido como cola de pavo, en cápsula vegetal. Cada frasco incluye 30 cápsulas y un espacio de identificación para el lote correspondiente.",taxable,0,Microdosis,trametes,capsula,extracto
simple,CM-GAN-CAP-30,Ganoderma · Microdosis 30 cápsulas,-1,0,visible,"Extracto de Ganoderma lucidum en cápsula vegetal. Presentación con 30 cápsulas.","Extracto de Ganoderma lucidum, conocido como reishi, en cápsula vegetal. Cada frasco incluye 30 cápsulas y un espacio de identificación para el lote correspondiente.",taxable,0,Microdosis,ganoderma,capsula,extracto
simple,CM-COR-CHO-12,Cordyceps · Chocolate 12 piezas,-1,0,visible,"Chocolate oscuro con extracto de Cordyceps militaris. Presentación dividida en 12 piezas.","Chocolate oscuro con extracto de Cordyceps militaris incorporado durante la elaboración. La barra está dividida en 12 piezas e incluye un espacio de identificación para el lote correspondiente.",taxable,0,Chocolate,cordyceps,chocolate,extracto
simple,CM-HER-CHO-24,Hericium · Chocolate 24 piezas,-1,0,visible,"Chocolate oscuro con extracto de Hericium erinaceus. Presentación dividida en 24 piezas.","Chocolate oscuro con extracto de Hericium erinaceus, conocido como melena de león. La barra está dividida en 24 piezas e incluye un espacio de identificación para el lote correspondiente.",taxable,0,Chocolate,hericium,chocolate,extracto
simple,CM-GAN-CHO-12,Ganoderma · Chocolate 12 piezas,-1,0,visible,"Chocolate oscuro con extracto de Ganoderma lucidum. Presentación dividida en 12 piezas.","Chocolate oscuro con extracto de Ganoderma lucidum, conocido como reishi. La barra está dividida en 12 piezas e incluye un espacio de identificación para el lote correspondiente.",taxable,0,Chocolate,ganoderma,chocolate,extracto
simple,CM-TRA-TIS-10,Trametes · Tisana,-1,0,visible,"Trametes versicolor liofilizado en hebra suelta para tisana.","Trametes versicolor liofilizado y cortado en hebra para preparar en agua caliente. El empaque incluye un espacio de identificación para el lote correspondiente.",taxable,0,Tisana,trametes,tisana,liofilizado
simple,CM-GAN-TIS-10,Ganoderma · Tisana,-1,0,visible,"Ganoderma lucidum liofilizado en rodaja para tisana.","Ganoderma lucidum liofilizado y cortado en rodaja para preparar en agua caliente. El empaque incluye un espacio de identificación para el lote correspondiente.",taxable,0,Tisana,ganoderma,tisana,liofilizado
